X,Y,Gene,Cell type
24.33659322894752,63.59516116168372,Gene 1,Type 1
27.955230055723018,75.97569368727461,Gene 1,Type 1
26.04829650943921,78.88072668477128,Gene 1,Type 1
20.03942691382953,96.89021080999572,Gene 1,Type 1
18.062304281804995,101.70868611861972,Gene 1,Type 1
23.320936209841182,759.3271889320133,Gene 1,Type 2
19.39197201173693,781.8188603348443,Gene 2,Type 2
19.98246158108601,775.8196058971047,Gene 2,Type 2
22.48320085279888,791.4012329427803,Gene 2,Type 2
22.330649486945475,805.7768364774081,Gene 1,Type 2
26.33913202447544,60.30473044933651,Gene 1,Type 1
32.06543451227341,69.78287040342478,Gene 1,Type 1
32.28804391048096,79.24413667725857,Gene 1,Type 1
29.161636007000684,97.88463041976836,Gene 1,Type 1
34.24281002429492,776.2959026630796,Gene 2,Type 2
26.69242300366733,778.914767964947,Gene 3,Type 2
31.27085650485404,788.0224424924457,Gene 2,Type 2
41.00749840400359,63.13881394724383,Gene 1,Type 1
45.50331946981469,76.28432800472716,Gene 1,Type 1
44.887281673655096,92.18560580910508,Gene 1,Type 1
42.97487071123224,88.68846978956917,Gene 1,Type 1
29.366161523838485,93.18403604080224,Gene 1,Type 1
47.371967068857785,65.27678396263286,Gene 1,Type 1
39.26325856150186,74.84361362570178,Gene 1,Type 1
55.16214022207527,86.80140919873946,Gene 1,Type 1
54.1714458991238,94.79835677766616,Gene 1,Type 1
50.787106150700126,98.68279702791564,Gene 1,Type 1
56.45216097365242,84.96247279973625,Gene 1,Type 1
116.28776084994117,723.2433866232957,Gene 1,Type 1
117.10846021846108,715.1271576921762,Gene 1,Type 1
125.52804835769832,732.5575560315374,Gene 1,Type 1
126.11477534197252,724.8496674477476,Gene 1,Type 1
125.03465438575356,745.84892570219,Gene 1,Type 1
130.45093106282457,701.7990782013334,Gene 1,Type 1
138.74217398157987,718.2926887715125,Gene 1,Type 1
128.5955767665754,725.9150102423947,Gene 1,Type 1
138.31619204171318,728.064413605379,Gene 1,Type 1
131.04113131557796,741.7433580277719,Gene 1,Type 1
128.33963596887753,749.7743070481961,Gene 1,Type 1
147.9091558986715,702.3611138846153,Gene 1,Type 1
138.80224584139717,710.9980442432307,Gene 1,Type 1
141.39862337577665,716.0005808715935,Gene 1,Type 1
148.78111366726188,738.712939226104,Gene 1,Type 1
138.3427562483451,750.1009678895093,Gene 1,Type 1
140.65147837706706,750.0656484172371,Gene 1,Type 1
153.7451728764495,703.5757789712075,Gene 1,Type 1
149.93520817683077,726.3707496713955,Gene 1,Type 1
152.22509048129814,734.0935133896046,Gene 1,Type 1
149.32662935360713,738.7644730727728,Gene 1,Type 1
146.8083083707421,751.1025585116796,Gene 1,Type 1
159.07991330124895,722.9161452121824,Gene 1,Type 1
158.9044318602118,723.2882445561719,Gene 1,Type 1
165.8538308999809,734.7320778540136,Gene 1,Type 1
167.26438365885105,733.7929158221875,Gene 1,Type 1
181.20514669807736,818.822134387395,Gene 4,Type 3
186.5827524898841,826.8501933554463,Gene 4,Type 3
191.8314965834004,795.7889031116741,Gene 4,Type 3
196.6361479256848,805.8391613539336,Gene 1,Type 3
190.19913547850703,818.5526192651291,Gene 4,Type 3
184.03710102431336,831.9869898876225,Gene 4,Type 3
199.85395315330825,940.377097151958,Gene 1,Type 1
203.2053521473165,789.4818637573829,Gene 4,Type 3
204.5925895763663,795.8092945105157,Gene 1,Type 3
196.7421487466774,805.6437674566168,Gene 1,Type 3
209.56348755391485,814.6021118051132,Gene 4,Type 3
206.2891776586821,827.5796123217408,Gene 4,Type 3
200.75378002390232,843.3961297302759,Gene 4,Type 3
203.02353483976336,924.947069243221,Gene 1,Type 1
203.18618106303347,936.8189034993312,Gene 1,Type 1
205.77790328019216,941.294888608018,Gene 1,Type 1
202.40304110266453,944.0531024533312,Gene 1,Type 1
212.4045920165994,792.7204515236972,Gene 4,Type 3
209.42209899552097,799.802406283464,Gene 1,Type 3
209.0091362372163,818.8200933070834,Gene 1,Type 3
210.6219615256773,819.238968750067,Gene 1,Type 3
208.0018916219047,835.5706285790561,Gene 1,Type 3
213.0069952630212,840.385584567771,Gene 1,Type 3
214.78856642452743,924.2979712237882,Gene 1,Type 1
215.30173790032512,931.42862002856,Gene 1,Type 1
213.35027498171064,931.6967833770424,Gene 1,Type 1
219.08268463777875,948.7175450573346,Gene 1,Type 1
215.9415143778645,962.093653125233,Gene 1,Type 1
205.2988335107248,965.380857048677,Gene 1,Type 1
216.6965683623309,800.7211050439096,Gene 1,Type 3
220.5336828544444,808.5977593532526,Gene 1,Type 3
222.36570084783185,815.6306351500572,Gene 4,Type 3
217.670618633036,840.5391577153197,Gene 4,Type 3
221.2821931261313,841.6479854223282,Gene 1,Type 3
220.05995912523588,897.8234637468305,Gene 1,Type 3
227.6430208373867,913.6292152846175,Gene 1,Type 3
213.49381526520483,918.9453547580896,Gene 1,Type 1
220.04368039184544,939.1012453527252,Gene 1,Type 1
222.62296482356183,946.2124075436532,Gene 1,Type 1
220.51672399977087,951.5128859895652,Gene 1,Type 1
218.6865746165622,975.0388744753892,Gene 1,Type 1
218.1391236430543,967.0573448974268,Gene 1,Type 1
230.8353938570484,799.5362969162942,Gene 1,Type 3
226.432322704006,819.5338633858519,Gene 4,Type 3
231.04698146155164,830.0872291681841,Gene 4,Type 3
226.65124227024285,883.7142167002924,Gene 4,Type 3
232.55969405819832,891.9179423004082,Gene 4,Type 3
230.5142879202729,919.4215064089844,Gene 4,Type 3
231.2189800460131,929.7408800237272,Gene 1,Type 1
228.82104503746933,928.3756235900952,Gene 1,Type 1
239.2689111832109,950.0445110341344,Gene 1,Type 1
231.2428796671709,953.7185061039054,Gene 1,Type 1
235.2715147127224,956.6886819091036,Gene 1,Type 1
238.4082646188592,970.6160350034752,Gene 1,Type 1
241.31729429057492,878.8555307589683,Gene 4,Type 3
250.508619919495,895.7180255179859,Gene 1,Type 3
240.294101389712,892.8322164361325,Gene 4,Type 3
238.0752322706648,910.3055728814062,Gene 1,Type 3
231.3507069083435,918.5970982250824,Gene 1,Type 3
247.28248409540905,931.907817438532,Gene 1,Type 1
242.1487021416556,947.2662484426038,Gene 1,Type 1
240.21897809618773,943.8776315162222,Gene 1,Type 1
262.0957172507148,75.32584913571202,Gene 2,Type 4
257.9032438372307,81.30581936899829,Gene 1,Type 4
254.7288449595396,890.0176386377051,Gene 1,Type 3
253.140169547425,890.7542903719351,Gene 1,Type 3
246.13499970464164,899.5424614682552,Gene 1,Type 3
254.39812269034064,913.7828837645742,Gene 4,Type 3
247.01522395715904,919.8925333706652,Gene 4,Type 3
251.0420302337928,919.5112686737452,Gene 4,Type 3
250.11770878604625,935.9986382515992,Gene 1,Type 1
258.148980845929,44.986571236340765,Gene 2,Type 4
257.9928352494944,46.875011165261135,Gene 2,Type 4
257.14983675575445,65.97899208620738,Gene 2,Type 4
262.53696715735657,71.4092930879273,Gene 2,Type 4
263.6907577437119,616.318508602319,Gene 2,Type 4
257.952202896153,627.7080461277559,Gene 2,Type 4
260.45220513429666,640.8757104506844,Gene 2,Type 4
264.46841740674654,657.9295323163782,Gene 2,Type 4
258.54039025164053,872.3067608967061,Gene 4,Type 3
259.75039397488143,883.2409090531611,Gene 4,Type 3
263.79903400758,901.5443739986084,Gene 1,Type 3
260.6199836445145,904.7726244922102,Gene 1,Type 3
254.3357079167356,922.4360207895588,Gene 4,Type 3
258.6447052563174,918.5961484534812,Gene 1,Type 3
274.7433226106802,32.63938828107573,Gene 1,Type 4
273.13786711214215,56.8309676198124,Gene 1,Type 4
271.94783679265,58.91419028184944,Gene 2,Type 4
269.13309755034624,78.67020753949188,Gene 1,Type 4
273.28578700452067,83.9434266182518,Gene 1,Type 4
274.54039242225144,613.4266601100712,Gene 2,Type 4
269.7769713299158,618.3663421699873,Gene 1,Type 4
277.6133605034291,629.6887607223885,Gene 2,Type 4
272.6931906147898,652.297333515057,Gene 1,Type 4
279.4686405647365,653.7371302314288,Gene 2,Type 4
272.16261477822627,902.7090028038448,Gene 1,Type 3
278.81779689983495,53.116399208172055,Gene 1,Type 4
277.6748670867491,49.57234273008789,Gene 2,Type 4
279.63912264738224,61.41122433291095,Gene 2,Type 4
283.42073971050075,62.54246808658352,Gene 1,Type 4
275.40152857378,80.41831831696733,Gene 1,Type 4
283.0580860881229,85.89668516110609,Gene 2,Type 4
280.2988316110666,91.19720210202009,Gene 2,Type 4
282.5007931304162,612.6800200377227,Gene 2,Type 4
281.0566264818761,618.8129470379699,Gene 1,Type 4
282.59145054856106,637.3959043230575,Gene 1,Type 4
290.8535899010645,631.7008564818747,Gene 2,Type 4
283.9213499749387,649.1453303058277,Gene 1,Type 4
280.5668467228521,659.0630501580147,Gene 1,Type 4
286.3061394121576,664.2458347275948,Gene 2,Type 4
291.0028734579777,44.84466850720118,Gene 1,Type 4
295.7292334476226,46.56785653878292,Gene 2,Type 4
286.3269667095398,68.19395587336405,Gene 1,Type 4
279.5784707244417,70.41974306537978,Gene 2,Type 4
284.1784693758137,79.86815872090237,Gene 1,Type 4
283.48458389011967,611.0804644920086,Gene 1,Type 4
294.6413384099403,626.097158898682,Gene 2,Type 4
285.1981433096977,632.4472486255311,Gene 1,Type 4
287.2769298421189,645.5476435635538,Gene 1,Type 4
289.1089238776744,645.9079802609311,Gene 2,Type 4
280.39897742066546,662.0397751138927,Gene 1,Type 4
301.2379737343931,47.71280787867499,Gene 1,Type 4
299.47907442722027,51.24532581322632,Gene 2,Type 4
302.27589340230224,64.17375239321044,Gene 2,Type 4
303.9590113945921,72.66376671892462,Gene 2,Type 4
295.9523652435398,616.5714426576901,Gene 1,Type 4
297.3945969511127,635.6657477769459,Gene 2,Type 4
307.88151037502433,641.5005839379725,Gene 2,Type 4
300.4307908867413,658.464360737333,Gene 1,Type 4
317.6901408837319,25.289869329677504,Gene 1,Type 4
313.62689694965684,40.35195681053616,Gene 1,Type 4
315.19120792547085,53.177677936181,Gene 2,Type 4
307.76404180424817,642.350381835942,Gene 1,Type 4
326.54342215741326,19.341444023183406,Gene 2,Type 4
319.3641407428742,29.84290178094438,Gene 1,Type 4
323.36005701558264,37.72180651361311,Gene 2,Type 4
321.8520889316964,54.55584410511104,Gene 1,Type 4
331.94567943660377,16.06310524605691,Gene 1,Type 4
332.35439240276054,24.30910741766167,Gene 2,Type 4
339.74004932475685,36.03652400698279,Gene 2,Type 4
324.9945961407289,48.29960267153709,Gene 2,Type 4
334.27849831802547,58.343968668117576,Gene 2,Type 4
339.04599684256743,13.55818436817717,Gene 2,Type 4
335.35567305035534,14.88520206113602,Gene 1,Type 4
345.34235060259255,22.79635639263569,Gene 1,Type 4
339.3626643876294,37.174708848636,Gene 2,Type 4
336.601073511331,58.253881255651066,Gene 2,Type 4
353.95292890182753,13.17644095365912,Gene 2,Type 4
353.8231676440245,19.05650692111989,Gene 1,Type 4
349.8897389687023,33.58167604967919,Gene 2,Type 4
351.1889119499904,34.067130852908726,Gene 1,Type 4
353.56057705410586,60.19580811569338,Gene 2,Type 4
360.4736454456336,27.56757688394258,Gene 1,Type 4
359.0603998834769,33.536442937392536,Gene 1,Type 4
362.3584229524818,44.27861787140746,Gene 2,Type 4
368.2578525626346,585.4626594522576,Gene 1,Type 4
364.5554760869961,608.250993562301,Gene 2,Type 4
367.3717005432307,46.73836378126807,Gene 2,Type 4
370.14245485049497,575.8127632378641,Gene 2,Type 4
369.7813614846332,582.9605252804564,Gene 2,Type 4
369.4684340392749,595.3515464402215,Gene 1,Type 4
374.23093088313016,598.4187859720367,Gene 2,Type 4
376.528007066733,601.4732342346402,Gene 1,Type 4
379.29181512053776,571.0067859917856,Gene 2,Type 4
380.3309794554123,585.6821487977866,Gene 2,Type 4
373.6718168851529,595.107685168667,Gene 2,Type 4
385.4620874513985,602.5217328726199,Gene 1,Type 4
377.47514745442976,605.785033418426,Gene 1,Type 4
381.8438279738384,572.3194872857862,Gene 2,Type 4
389.225076480908,583.3764522440161,Gene 2,Type 4
398.90259229381934,598.8941527158689,Gene 1,Type 4
388.7068404920796,591.9028845801356,Gene 2,Type 4
388.5051065512076,609.6841376458312,Gene 2,Type 4
411.1423654421373,579.0745277483605,Gene 2,Type 4
398.08943490691735,567.4483574728237,Gene 1,Type 4
403.6510422901202,588.7097962105631,Gene 1,Type 4
404.80869525418495,601.7158620786367,Gene 2,Type 4
409.07810932377527,613.844343788715,Gene 1,Type 4
412.0819201075965,580.2156051491322,Gene 2,Type 4
402.0286217274885,594.1373567125582,Gene 2,Type 4
408.1527294385842,603.7235794448763,Gene 1,Type 4
406.4721688637607,609.0404321497008,Gene 1,Type 4
416.43622595469,764.305356249415,Gene 2,Type 5
410.0887269793225,581.0570045752958,Gene 1,Type 4
423.71071046205225,746.8496036220613,Gene 2,Type 5
411.9975908766823,753.5776481783251,Gene 2,Type 5
416.2158245249464,761.2542938592322,Gene 2,Type 5
425.9553064392227,767.6176612044602,Gene 2,Type 5
417.3253260039123,771.6359728057997,Gene 2,Type 5
439.0484052620165,734.2261470669455,Gene 2,Type 5
431.98116791774055,749.6339447169402,Gene 2,Type 5
432.5683631800327,763.9813215614669,Gene 2,Type 5
438.15623259028416,766.5659965264567,Gene 2,Type 5
431.9252311877545,781.5739614499698,Gene 2,Type 5
438.6310022791375,733.3485218517891,Gene 2,Type 5
450.410315462899,745.3241088086527,Gene 2,Type 5
440.976832023099,758.2494476177789,Gene 2,Type 5
452.8386522793223,768.1164741708668,Gene 2,Type 5
442.52882126995416,784.1855950293325,Gene 2,Type 5
445.6448640871218,776.0436896058688,Gene 2,Type 5
446.8853147447941,785.3842554064466,Gene 2,Type 5
456.1988428635209,740.606155267025,Gene 2,Type 5
452.6030008625702,742.5315480419674,Gene 2,Type 5
455.0264101978804,754.095902103076,Gene 2,Type 5
447.7889699712569,764.5773269347762,Gene 2,Type 5
457.1020744895072,777.8246013682427,Gene 2,Type 5
453.09054332505127,785.3291485815188,Gene 2,Type 5
446.2196805640591,783.12052812436,Gene 2,Type 5
454.46763875861257,746.9303610824487,Gene 2,Type 5
457.2288220232657,751.1294905910719,Gene 2,Type 5
463.7245469572326,776.0950679497996,Gene 2,Type 5
466.492486352185,757.5476518319082,Gene 2,Type 5
466.5224338783896,764.8000781667201,Gene 2,Type 5
506.04541630667126,824.1756352609724,Gene 1,Type 1
514.9521349895341,798.5089774760269,Gene 1,Type 1
510.2792166015277,835.8120193395887,Gene 1,Type 1
519.963237006781,798.9054255311124,Gene 1,Type 1
513.7929401154232,811.006722608963,Gene 1,Type 1
521.7294837580564,814.2741188526209,Gene 1,Type 1
526.3148809281787,833.6515305912872,Gene 1,Type 1
519.7471953707147,842.0916511515672,Gene 1,Type 1
535.3916980896662,794.1136337802163,Gene 1,Type 1
524.4358252889738,801.7609257368749,Gene 1,Type 1
526.0355232155877,800.5054618765269,Gene 1,Type 1
534.1082517113111,819.8319403863737,Gene 1,Type 1
534.0520206130494,831.0179365095726,Gene 1,Type 1
530.458196001488,836.5926552550011,Gene 1,Type 1
528.243902876411,848.7994981416097,Gene 1,Type 1
538.2130254462734,703.7475721839058,Gene 1,Type 2
545.3864883753475,710.8216911141141,Gene 1,Type 2
544.5246362121742,721.6639645650516,Gene 1,Type 2
539.9361921211811,732.9628508621046,Gene 1,Type 2
536.1027153678682,800.3581250861145,Gene 1,Type 1
549.7783500951164,817.4542309233456,Gene 1,Type 1
540.6818838783844,818.8132908341216,Gene 1,Type 1
535.7671282110838,829.9943400172671,Gene 1,Type 1
540.0915160047379,844.2804580028952,Gene 1,Type 1
538.038671421893,848.0947491337799,Gene 1,Type 1
550.1631699738749,212.30830482408152,Gene 3,Type 2
550.3557100311435,226.87738049563768,Gene 2,Type 2
558.8729144449557,234.47531580710563,Gene 3,Type 2
555.2855555402936,703.8854736005575,Gene 1,Type 2
568.1288678617833,713.0106413463259,Gene 1,Type 2
558.3686034727783,722.551327173847,Gene 3,Type 2
553.7026806845819,732.6001862577774,Gene 3,Type 2
554.2347961832079,729.3676898663082,Gene 2,Type 2
546.4874431779975,796.4716105271632,Gene 1,Type 1
547.7499648241238,801.2329447436426,Gene 1,Type 1
552.169290827297,823.0458263951383,Gene 1,Type 1
544.8208695834642,829.0462705394451,Gene 1,Type 1
555.7765374942013,202.27209631700825,Gene 2,Type 2
564.7381606963504,201.29784147776445,Gene 1,Type 2
557.912053841866,225.10177454599744,Gene 3,Type 2
555.980304122718,233.99648213139164,Gene 2,Type 2
561.0778881058717,241.3933426581283,Gene 2,Type 2
560.9127712695596,689.7473107801907,Gene 2,Type 2
570.423452717787,716.0759921814123,Gene 2,Type 2
563.6741862211142,716.9020792689677,Gene 1,Type 2
558.388054477787,732.5227826552425,Gene 2,Type 2
558.1930979488128,806.7654208346264,Gene 1,Type 1
558.9730904508173,826.9107878640908,Gene 1,Type 1
567.0165965065834,193.1832122274461,Gene 2,Type 2
568.0042961478165,200.1522047787558,Gene 3,Type 2
572.1381243619046,214.8284226009398,Gene 2,Type 2
575.6289882905204,221.6412171369888,Gene 1,Type 2
570.8407791080814,235.3666638774601,Gene 1,Type 2
568.884698744877,240.8732218787628,Gene 1,Type 2
572.4275994212059,248.2936111250416,Gene 2,Type 2
566.1869147806214,690.7776237729935,Gene 2,Type 2
572.5138281001049,696.3633784475577,Gene 3,Type 2
566.4905725092212,711.1185973626676,Gene 3,Type 2
571.9888644627781,726.7575262529122,Gene 3,Type 2
569.5690822275934,736.7546698238436,Gene 3,Type 2
576.4342843146269,740.3508599524828,Gene 2,Type 2
565.1939453367817,741.7869059000946,Gene 1,Type 2
580.581882750794,194.33205652845572,Gene 1,Type 2
577.532314917312,203.805351016823,Gene 3,Type 2
584.4979892056411,216.70901826730363,Gene 3,Type 2
582.4902032918495,223.5992256629388,Gene 1,Type 2
582.036042002075,226.43843280462613,Gene 1,Type 2
585.0584936024037,242.8305750908084,Gene 1,Type 2
582.2447454674814,707.0049984658759,Gene 3,Type 2
582.9191731529077,714.3036538156856,Gene 2,Type 2
583.6557724598409,725.8198989390861,Gene 1,Type 2
597.4617296853324,216.17512051624863,Gene 1,Type 2
578.7236236359277,223.72879233817275,Gene 2,Type 2
583.6134943408778,233.70981031026736,Gene 1,Type 2
589.5051618726278,233.4552276652159,Gene 1,Type 2
597.0465111343838,472.0839936045162,Gene 1,Type 3
592.79156437253,490.2785298748453,Gene 4,Type 3
597.6827009198533,496.1609330043927,Gene 1,Type 3
587.5513625494,719.351190080944,Gene 1,Type 2
593.1426034339944,718.8860828052868,Gene 3,Type 2
594.0298482847302,745.0808129479325,Gene 2,Type 5
590.5889570059721,751.0180400547497,Gene 2,Type 5
603.3477338882508,210.37410214468736,Gene 2,Type 2
598.8599476373322,229.4633705356264,Gene 3,Type 2
596.5701552713692,234.39610549758544,Gene 1,Type 2
595.6128946284449,479.0047092589298,Gene 1,Type 3
600.6004062490159,484.7069516802855,Gene 4,Type 3
601.1709729882209,492.41847242492827,Gene 1,Type 3
599.1930831375367,495.0945251410049,Gene 4,Type 3
613.8594897225119,514.8611833844052,Gene 1,Type 3
599.275530992387,758.7873885767809,Gene 2,Type 5
599.7677180710524,767.1387855730457,Gene 2,Type 5
596.4020753821262,772.8162016693965,Gene 2,Type 5
597.8012998153888,770.8672960977835,Gene 2,Type 5
610.7071973534246,268.5234057986445,Gene 1,Type 3
612.3622490676383,272.06407737418823,Gene 4,Type 3
616.0347784805613,288.1432575262333,Gene 4,Type 3
613.8338465840766,283.5073791024752,Gene 4,Type 3
612.8630039733968,292.6313872635139,Gene 1,Type 3
617.3027531290663,462.0227966618231,Gene 4,Type 3
618.717067244891,472.6170775088851,Gene 1,Type 3
607.2788225476611,482.8276187227596,Gene 4,Type 3
612.5667891428633,501.0888413273934,Gene 1,Type 3
608.4953967335879,503.0895850509658,Gene 1,Type 3
616.5991401518655,737.8063342779566,Gene 2,Type 5
613.0716839401016,753.2909531943249,Gene 2,Type 5
615.4404595291977,757.6439541250907,Gene 2,Type 5
613.2975523581854,773.4478243627508,Gene 2,Type 5
619.5073248694277,254.04100849286783,Gene 4,Type 3
622.0063533639031,265.2529928995766,Gene 4,Type 3
622.0757758576933,272.3554820111966,Gene 4,Type 3
618.7882790736166,275.07071116359793,Gene 4,Type 3
615.2009128963404,301.5780786520582,Gene 4,Type 3
610.2121411855578,291.7581115091358,Gene 1,Type 3
617.9500742086324,464.28927211403857,Gene 4,Type 3
620.5485828634456,486.6890619367484,Gene 4,Type 3
618.534634253234,502.0682578294957,Gene 1,Type 3
621.5668833470751,503.56362622742296,Gene 4,Type 3
627.8220291872069,674.9101417363089,Gene 2,Type 2
630.5667690324987,685.6495864764194,Gene 1,Type 2
621.9062066486408,728.1923123229243,Gene 2,Type 5
619.9276393122764,754.3649772779194,Gene 2,Type 5
617.486421101022,750.2108848956145,Gene 2,Type 5
623.6785602306459,764.9255327124412,Gene 2,Type 5
622.0712239907147,767.8222154073645,Gene 2,Type 5
630.4792390101234,776.376970453001,Gene 2,Type 5
631.0216238614761,251.28570154967923,Gene 1,Type 3
632.7130351853989,248.0582435099705,Gene 1,Type 3
633.7591559900042,265.8031039091567,Gene 4,Type 3
631.3125166705188,277.6462549407502,Gene 4,Type 3
636.4018992254934,291.78035103068305,Gene 4,Type 3
629.3685555809875,289.5738741171523,Gene 4,Type 3
628.2770354378488,302.2082465586438,Gene 4,Type 3
622.7749688262991,471.15266438734426,Gene 1,Type 3
628.581149952706,467.9209233399808,Gene 4,Type 3
628.2689300573553,485.0763985149037,Gene 4,Type 3
635.8767806559437,487.76530358038366,Gene 4,Type 3
634.8829599028664,488.7394917504709,Gene 1,Type 3
630.2554159545373,512.9627361443169,Gene 4,Type 3
633.3937418332806,659.6773075595526,Gene 2,Type 2
642.3037792950557,669.4311376461288,Gene 3,Type 2
642.7222485169848,678.9417643740744,Gene 1,Type 2
631.0562231057687,691.8487417010027,Gene 1,Type 2
631.7132696199842,739.4462476589465,Gene 2,Type 5
628.8425197639366,751.3075541420465,Gene 2,Type 5
620.3334162239013,762.7053477534066,Gene 2,Type 5
642.589576096238,252.97321749469648,Gene 4,Type 3
631.973883147356,262.4234071715304,Gene 1,Type 3
646.7703252802006,266.2905749090837,Gene 4,Type 3
638.6034823852121,281.4291984334412,Gene 1,Type 3
639.1669446014403,281.5350489957301,Gene 1,Type 3
639.4530383979836,297.2963446889805,Gene 4,Type 3
634.0631226956605,465.61373849253846,Gene 1,Type 3
642.100963164445,488.3922850989351,Gene 1,Type 3
635.6311596906249,492.22096968223786,Gene 4,Type 3
637.1827652856273,504.0258229768209,Gene 1,Type 3
641.8190501534691,655.464293676248,Gene 2,Type 2
643.1235813922947,671.3333632565165,Gene 2,Type 2
644.9125439149223,687.2054402605535,Gene 2,Type 2
647.2157783112154,694.760715868792,Gene 2,Type 2
633.2659333879424,695.6650398942817,Gene 2,Type 2
635.3559948868475,735.6083878547848,Gene 2,Type 5
637.4635580370109,741.6489713813677,Gene 2,Type 5
642.5681224389602,753.3155033461551,Gene 2,Type 5
640.8442518147798,761.8614058892762,Gene 2,Type 5
633.582464109326,774.8223082878205,Gene 2,Type 5
643.4108902043646,262.313017116604,Gene 4,Type 3
646.6215933514536,265.91738825561976,Gene 1,Type 3
649.9915848139681,279.37386618692096,Gene 1,Type 3
652.9640748045192,288.6229059620349,Gene 1,Type 3
652.6336238946709,295.43952496631937,Gene 1,Type 3
649.8610896402547,652.299056532452,Gene 2,Type 2
654.0509618762663,662.3653297140366,Gene 3,Type 2
649.663115114453,673.3493202459691,Gene 1,Type 2
654.1568658505471,679.1878196510902,Gene 1,Type 2
653.721958372754,691.5564383245011,Gene 1,Type 2
652.1327484283304,705.4683560423168,Gene 2,Type 2
649.914000940878,706.2961902005055,Gene 2,Type 2
644.6181391386201,737.654096160251,Gene 2,Type 5
647.7182778137512,754.0633768959352,Gene 2,Type 5
656.9232256005033,288.6916738753825,Gene 1,Type 3
655.4364350014511,649.4700331520036,Gene 3,Type 2
656.5993925124371,662.1170223107563,Gene 1,Type 2
668.2924283291068,665.5453077013362,Gene 2,Type 2
659.4466813433557,673.213672024429,Gene 1,Type 2
664.5281986753365,688.1402390250752,Gene 3,Type 2
665.7224389123533,704.37229977331,Gene 1,Type 2
657.7823760063471,707.5502002151053,Gene 1,Type 2
670.6709395130516,663.7860918514754,Gene 2,Type 2
667.9193663416843,668.6480157852982,Gene 2,Type 2
673.404496712509,678.7680782263661,Gene 3,Type 2
674.9835290522688,690.1063090921864,Gene 2,Type 2
671.8142651565358,702.3191940808057,Gene 1,Type 2
691.9606332384211,598.633858579766,Gene 1,Type 3
680.0631993627667,670.1176246778881,Gene 2,Type 2
675.8584167915615,696.9002977993468,Gene 1,Type 2
695.4257963537459,589.723220177442,Gene 1,Type 3
697.1395609847578,592.3552258260657,Gene 1,Type 3
695.6933084589947,597.877533885293,Gene 4,Type 3
701.9008898464785,606.5171461533826,Gene 1,Type 3
700.5025548064987,595.2118098547668,Gene 4,Type 3
694.7875234935794,598.9160147378984,Gene 4,Type 3
706.2424826637107,608.8489722519424,Gene 4,Type 3
698.2671773760585,623.4130670483031,Gene 1,Type 3
714.7089690283337,180.6622110696278,Gene 1,Type 1
705.6036236712968,579.386420400352,Gene 4,Type 3
706.2405964860949,590.2963340107183,Gene 4,Type 3
720.7200961888708,597.4831407200681,Gene 1,Type 3
716.9143149658554,611.8156184825328,Gene 1,Type 3
717.4022838949228,620.7719038081943,Gene 4,Type 3
709.7942724278579,623.3293827976441,Gene 4,Type 3
717.993822006231,169.07104418744098,Gene 1,Type 1
722.208520739217,169.91906381220366,Gene 1,Type 1
723.7778632332696,187.9861025675574,Gene 1,Type 1
716.7596582477798,193.3363093904917,Gene 1,Type 1
728.0471347891281,200.27173959913705,Gene 1,Type 1
728.2684261030912,580.5571778233196,Gene 4,Type 3
729.776643511591,602.1861778887362,Gene 4,Type 3
719.8751488496483,605.2759367463186,Gene 1,Type 3
734.151162216356,618.7348125449253,Gene 1,Type 3
713.1272422447452,629.0515628195249,Gene 1,Type 3
725.2388856146267,633.6683376895918,Gene 4,Type 3
732.8863686371967,160.6681296301919,Gene 1,Type 1
730.2097058326574,168.62922144757806,Gene 1,Type 1
743.2713336473641,186.34917961101524,Gene 1,Type 1
724.3164717582105,195.0139195211673,Gene 1,Type 1
730.5551449324,195.47486906357,Gene 1,Type 1
745.419484022612,201.2042198321315,Gene 1,Type 1
731.3674458805673,594.3062118974873,Gene 1,Type 3
740.1990088881043,593.1704139511476,Gene 4,Type 3
731.2574976594536,595.6326238395786,Gene 1,Type 3
728.7170719335604,612.3055284779662,Gene 4,Type 3
736.4995700221492,619.6114354203003,Gene 1,Type 3
733.4014664791592,624.4211603070397,Gene 4,Type 3
742.5889684837368,149.42245970517257,Gene 1,Type 1
744.8543242014188,173.70601848184594,Gene 1,Type 1
741.0297401597335,179.27915259505306,Gene 1,Type 1
742.7987670747581,194.07451206610105,Gene 1,Type 1
733.3412867956864,205.9915763522528,Gene 1,Type 1
736.9132549530934,585.6985639222381,Gene 1,Type 3
746.5889572659072,596.1814868579282,Gene 1,Type 3
743.4076180334257,607.7961783708975,Gene 4,Type 3
737.2224609345157,624.2442780989219,Gene 1,Type 3
747.1079783158941,153.26771037464692,Gene 1,Type 1
755.0204142697206,167.10004089206672,Gene 1,Type 1
751.271057827249,180.56485291680457,Gene 1,Type 1
754.1428229041904,185.76064742658903,Gene 1,Type 1
753.2350127088098,200.39787715413195,Gene 1,Type 1
744.0431789607883,590.7325802951782,Gene 1,Type 3
760.2945073071054,172.60807621164696,Gene 1,Type 1
761.7222012900143,183.11315545025823,Gene 1,Type 1
764.4303722170125,187.4753482329741,Gene 1,Type 1
755.9265533656078,197.508896195678,Gene 1,Type 1
814.8162003359258,207.29163807478977,Gene 2,Type 5
817.9493315290158,213.56181406295417,Gene 2,Type 5
826.0542073333626,208.06378676103373,Gene 2,Type 5
824.7448515530057,210.19091163179849,Gene 2,Type 5
819.3404038191705,216.04305686406343,Gene 2,Type 5
831.2993041260319,227.8710702289517,Gene 2,Type 5
832.4630015171957,194.13480362572443,Gene 2,Type 5
832.5787539601873,216.64302174177448,Gene 2,Type 5
834.2536653963632,219.8050121907886,Gene 2,Type 5
820.8780810297476,236.143271208285,Gene 2,Type 5
838.6143106308348,237.89487547175665,Gene 2,Type 5
834.6144578422792,190.17779432654208,Gene 2,Type 5
852.0854025954727,200.8531744156097,Gene 2,Type 5
839.9757374260087,208.95809350194145,Gene 2,Type 5
840.6574075557479,219.1396522781531,Gene 2,Type 5
839.5197320616861,238.1133888651466,Gene 2,Type 5
838.8806898481126,238.318079323243,Gene 2,Type 5
848.3933009827969,199.6945282448393,Gene 2,Type 5
858.3007086559394,213.69588374024312,Gene 2,Type 5
840.8651211867426,225.13829067384853,Gene 2,Type 5
845.5168632104828,230.77746767462247,Gene 2,Type 5
850.6298803155972,238.55551108412817,Gene 2,Type 5
847.1321070388439,245.92579357804323,Gene 2,Type 5
859.040576563169,198.0719741485205,Gene 2,Type 5
859.3877814468465,205.94049020015512,Gene 2,Type 5
855.9856778209765,222.9861798176206,Gene 2,Type 5
855.0631128520444,229.8058119080844,Gene 2,Type 5
868.5077350632872,432.91434150462726,Gene 2,Type 5
866.8928783907593,450.6087870148974,Gene 2,Type 5
867.4662963892874,217.67088860186303,Gene 2,Type 5
860.4728897791297,238.63805134057304,Gene 2,Type 5
865.7174755412417,441.1307355915063,Gene 2,Type 5
872.871323239007,437.8698616808657,Gene 2,Type 5
880.2812526877481,453.74294660515193,Gene 2,Type 5
870.1075387036088,462.3267188417699,Gene 2,Type 5
878.7195469811256,772.6180727797885,Gene 3,Type 2
875.3593946213455,784.3367510801846,Gene 3,Type 2
874.9996432628587,422.0498909298759,Gene 2,Type 5
879.888962335669,436.798364045272,Gene 2,Type 5
887.8301108807403,447.38357062264345,Gene 2,Type 5
886.4597760751716,450.4588668081677,Gene 2,Type 5
880.200470819325,467.4447247778157,Gene 2,Type 5
890.5686575182223,763.164958371331,Gene 2,Type 2
885.5020595857915,788.6326226511184,Gene 2,Type 2
879.5755198511798,798.3878335842874,Gene 3,Type 2
901.4059607498538,432.3843854566119,Gene 2,Type 5
887.8369739309059,435.163574966102,Gene 2,Type 5
893.1800216863313,445.0409705183967,Gene 2,Type 5
884.7188594184433,451.6414700288659,Gene 2,Type 5
893.0613692035035,461.0933645145103,Gene 2,Type 5
881.6550490808362,468.6639700912108,Gene 2,Type 5
896.0277195169671,757.7217066980351,Gene 2,Type 2
902.638937153909,755.9115413645821,Gene 1,Type 2
897.3415745162521,769.4171515165924,Gene 2,Type 2
895.8578830510496,778.0044815207281,Gene 1,Type 2
885.7140510871146,788.4481461381998,Gene 3,Type 2
895.4361493742962,803.1987318858755,Gene 2,Type 2
901.7667869082452,807.6735273528354,Gene 1,Type 2
902.9227356716832,418.1910550476578,Gene 2,Type 5
905.8981132473552,422.1994648809813,Gene 2,Type 5
898.0581578405213,429.01142468490906,Gene 2,Type 5
904.1409682871492,444.73148924398265,Gene 2,Type 5
896.6148361030987,456.7355402961831,Gene 2,Type 5
905.7172862434352,468.81415577209947,Gene 2,Type 5
904.8664094928558,770.2975151242508,Gene 2,Type 2
906.6216239076851,774.4837502769449,Gene 2,Type 2
904.4598136960818,785.5109851941248,Gene 1,Type 2
905.3329399976852,805.0260192286316,Gene 2,Type 2
896.2266074628506,808.2779683944289,Gene 2,Type 2
908.3748589586384,421.5086209921602,Gene 2,Type 5
912.98001349205,428.6019402568713,Gene 2,Type 5
914.6188853936662,440.8240598525507,Gene 2,Type 5
909.607940557871,458.5294833851452,Gene 2,Type 5
905.5900799098524,466.6067408120401,Gene 2,Type 5
914.5397450274404,761.9835603869452,Gene 3,Type 2
914.7373236611768,770.7941876743035,Gene 2,Type 2
906.8579827249324,775.3038116002339,Gene 2,Type 2
911.2931834816038,791.8577951870104,Gene 2,Type 2
916.0600813007126,801.5143008283463,Gene 2,Type 2
913.842667915865,807.9207468502518,Gene 2,Type 2
919.0242276444804,443.1553591475058,Gene 2,Type 5
918.0828618906102,762.7518992004425,Gene 3,Type 2
923.7596934669386,779.892935464105,Gene 2,Type 2
919.1813713277074,788.05042063268,Gene 1,Type 2
918.0811717120148,786.4533448818225,Gene 2,Type 2
920.0859354530126,808.4515780391525,Gene 1,Type 2
922.559550093132,799.4492978480049,Gene 3,Type 2
939.8686303511367,238.389769111754,Gene 2,Type 5
929.7784360680748,784.8030305225922,Gene 3,Type 2
946.0122251077706,213.7617595677507,Gene 2,Type 5
956.3875773408148,221.77496887485503,Gene 2,Type 5
943.386182397995,234.84744046442543,Gene 2,Type 5
952.8210719263424,206.83515016489883,Gene 2,Type 5
946.995379161799,214.5448100864049,Gene 2,Type 5
953.9618171085492,232.0430290642937,Gene 2,Type 5
955.6345301758466,243.9333684034338,Gene 2,Type 5
951.78441774343,244.6013270541501,Gene 2,Type 5
965.0760970428934,204.6750919147324,Gene 2,Type 5
954.746161896046,220.58043045157035,Gene 2,Type 5
960.5243944385096,230.99067123651213,Gene 2,Type 5
959.7190947715092,236.9932555832142,Gene 2,Type 5
966.0418706523552,250.08838388580267,Gene 2,Type 5
965.251024331614,341.5252083003857,Gene 2,Type 4
962.6293461324984,350.44891484962017,Gene 1,Type 4
960.8242165956284,363.2507530487071,Gene 1,Type 4
959.424079956668,366.88945721170046,Gene 1,Type 4
971.2457631822782,385.39154271495175,Gene 2,Type 4
963.5169565834492,200.4410976290318,Gene 2,Type 5
974.5612717490708,212.6425350876193,Gene 2,Type 5
976.0637070552324,208.5873548899258,Gene 2,Type 5
971.9409379951416,224.4660470761736,Gene 2,Type 5
968.0327557555012,228.81873968444688,Gene 2,Type 5
966.7582081937702,246.57043452757688,Gene 2,Type 5
968.1384413325992,257.32889730294943,Gene 2,Type 5
971.1599291508028,252.99959975774203,Gene 2,Type 5
967.5736416556368,341.97327363055547,Gene 2,Type 4
983.5867125038036,355.5141610419808,Gene 1,Type 4
971.3551921495208,363.8410342142529,Gene 1,Type 4
962.3233809534642,365.8622840654205,Gene 1,Type 4
973.6166594510294,373.2483586484611,Gene 1,Type 4
981.8783105615458,210.54210854360275,Gene 2,Type 5
986.3726948509774,222.86918750394003,Gene 2,Type 5
983.7054876322458,231.45330964927012,Gene 2,Type 5
979.9435586148376,249.932420076988,Gene 2,Type 5
984.9867024066092,334.0626855267434,Gene 2,Type 4
986.2208997593704,340.5585752196627,Gene 1,Type 4
989.6021450087164,349.47281648308365,Gene 2,Type 4
980.3492803721604,366.4243972556836,Gene 2,Type 4
985.783708562677,363.93842470690186,Gene 2,Type 4
986.5178485029096,372.1795601835565,Gene 2,Type 4
986.7188158438288,216.9025227733456,Gene 2,Type 5
992.2098563039104,221.5325143104752,Gene 2,Type 5
995.6831563989236,233.2661430997084,Gene 2,Type 5
990.924965653842,241.864123391662,Gene 2,Type 5
996.8261764002692,335.1707487681371,Gene 2,Type 4
1007.35136620798,346.65767431041314,Gene 2,Type 4
990.7974968530568,352.9499716745978,Gene 1,Type 4
986.83282286394,362.1365390078752,Gene 2,Type 4
993.9265705744352,355.3449368419394,Gene 1,Type 4
981.8659383394928,386.8497045173123,Gene 1,Type 4
1003.526979389686,338.5784899528863,Gene 1,Type 4
999.4466621694216,358.2203962637885,Gene 2,Type 4
1001.9243985552108,359.51680485285965,Gene 2,Type 4
1008.544923102664,368.2043412878378,Gene 2,Type 4
1000.4137035261128,382.4613161780891,Gene 2,Type 4
1001.8721373359704,378.915521722902,Gene 1,Type 4
16.42251692064878,74.86971682569238,Gene 1,Type 1
11.64329219396306,70.26586203674715,Gene 1,Type 1
6.976677677428649,79.84902006690655,Gene 1,Type 1
8.878566961636139,95.20417290091623,Gene 1,Type 1
18.2749748820011,101.33234021703562,Gene 1,Type 1
15.412413874945154,756.4711992109399,Gene 2,Type 2
9.497596802649287,759.0673806132254,Gene 1,Type 2
13.360907416618574,768.8372043372423,Gene 3,Type 2
9.588626680739214,780.7164889708552,Gene 1,Type 2
6.960874779239192,791.7962214072389,Gene 3,Type 2
7.787288363814493,809.4901168573232,Gene 1,Type 2
12.587513123563856,807.3731977050268,Gene 1,Type 2
374.54011884736246,31.42918568673425,Gene 5,Type 6
950.7143064099162,636.4104112637804,Gene 5,Type 6
731.9939418114051,314.35598107632666,Gene 6,Type 6
598.6584841970366,508.5706911647028,Gene 6,Type 6
156.01864044243652,907.5664739260932,Gene 5,Type 6
155.99452033620264,249.29222914887492,Gene 5,Type 6
58.08361216819946,410.38292303562974,Gene 5,Type 6
866.1761457749352,755.5511385430486,Gene 5,Type 6
601.1150117432088,228.79816549162248,Gene 5,Type 6
708.0725777960455,76.979909828793,Gene 5,Type 6
20.584494295802447,289.75145291376805,Gene 6,Type 6
969.9098521619944,161.2212872540044,Gene 5,Type 6
832.4426408004217,929.6976523425732,Gene 5,Type 6
212.3391106782761,808.1203795644169,Gene 6,Type 6
181.82496720710063,633.4037565104235,Gene 6,Type 6
183.4045098534338,871.4605901877177,Gene 6,Type 6
304.24224295953775,803.6720768991145,Gene 6,Type 6
524.7564316322379,186.57005888603584,Gene 5,Type 6
431.94501864211577,892.5589984899777,Gene 5,Type 6
291.22914019804193,539.3422419156507,Gene 5,Type 6
611.8528947223795,807.4401551640625,Gene 5,Type 6
139.49386065204183,896.0912999234932,Gene 5,Type 6
292.1446485352181,318.00347497186385,Gene 5,Type 6
366.3618432936917,110.05192452767676,Gene 6,Type 6
456.069984217036,227.93516254194168,Gene 5,Type 6
785.1759613930136,427.1077886262563,Gene 6,Type 6
199.67378215835973,818.0147659224931,Gene 6,Type 6
514.2344384136117,860.7305832563435,Gene 5,Type 6
592.4145688620424,6.952130531190703,Gene 6,Type 6
46.45041271999772,510.7473025775657,Gene 5,Type 6
607.5448519014384,417.411003148779,Gene 6,Type 6
170.52412368729154,222.10781047073024,Gene 5,Type 6
65.05159298527951,119.8653673336828,Gene 6,Type 6
948.8855372533332,337.615171403628,Gene 5,Type 6
965.6320330745592,942.9097039125191,Gene 5,Type 6
808.3973481164611,323.2029320207552,Gene 5,Type 6
304.6137691733707,518.790621743366,Gene 5,Type 6
97.67211400638386,703.0189588951779,Gene 5,Type 6
684.2330265121569,363.629602379294,Gene 6,Type 6
440.1524937396013,971.7820827209608,Gene 6,Type 6
122.03823484477884,962.4472949421112,Gene 6,Type 6
495.17691011127016,251.78229582536412,Gene 5,Type 6
34.3885211152184,497.2485058923854,Gene 6,Type 6
909.320402078782,300.8783098167697,Gene 5,Type 6
258.7799816000169,284.8404943774676,Gene 5,Type 6
662.522284353982,36.88694735453279,Gene 6,Type 6
311.71107608941094,609.5643339798969,Gene 6,Type 6
520.0680211778108,502.6790232288615,Gene 5,Type 6
546.7102793432797,51.47875124998935,Gene 6,Type 6
184.85445552552704,278.64646423661145,Gene 5,Type 6
969.5846277645586,908.2658859666536,Gene 5,Type 6
775.1328233611146,239.56189066697243,Gene 5,Type 6
939.4989415641892,144.89487209122308,Gene 5,Type 6
894.8273504276489,489.452760277563,Gene 5,Type 6
597.8999788110851,985.6504541106008,Gene 6,Type 6
921.8742350231169,242.0552715115004,Gene 6,Type 6
88.4925020519195,672.1355474058786,Gene 5,Type 6
195.9828624191452,761.6196153287176,Gene 5,Type 6
45.227288910538064,237.63754399239969,Gene 6,Type 6
325.3303307632643,728.2163486118595,Gene 6,Type 6
388.677289689482,367.7831327192532,Gene 5,Type 6
271.3490317738959,632.3058305935795,Gene 6,Type 6
828.7375091519293,633.5297107608947,Gene 5,Type 6
356.75332669358926,535.7746840747585,Gene 6,Type 6
280.93450968738074,90.28977005440832,Gene 5,Type 6
542.6960831582485,835.302495589238,Gene 6,Type 6
140.92422497476264,320.78006497173584,Gene 5,Type 6
802.1969807540397,186.51851039985425,Gene 6,Type 6
74.55064367977083,40.77514155476392,Gene 6,Type 6
986.8869366005172,590.8929431882418,Gene 5,Type 6
772.2447692966574,677.5643618422824,Gene 6,Type 6
198.7156815341724,16.58782892785615,Gene 5,Type 6
5.522117123602399,512.093058299281,Gene 6,Type 6
815.4614284548342,226.49577519793797,Gene 5,Type 6
706.8573438476171,645.1727904094498,Gene 6,Type 6
729.0071680409873,174.36642900499143,Gene 5,Type 6
771.2703466859457,690.9377381024659,Gene 6,Type 6
74.04465173409037,386.7353463005374,Gene 5,Type 6
358.4657285442726,936.7299887367344,Gene 6,Type 6
115.86905952512971,137.52094414599324,Gene 5,Type 6
863.1034258755935,341.0663510502585,Gene 5,Type 6
623.2981268275579,113.47352124058906,Gene 5,Type 6
330.8980248526492,924.6936182785628,Gene 6,Type 6
63.55835028602363,877.339353380981,Gene 5,Type 6
310.9823217156622,257.9416277151556,Gene 6,Type 6
325.183322026747,659.9840460341791,Gene 5,Type 6
729.6061783380641,817.2222002012159,Gene 6,Type 6
637.5574713552131,555.2008115994623,Gene 5,Type 6
887.2127425763265,529.6505783560065,Gene 6,Type 6
472.2149251619493,241.8522909004517,Gene 6,Type 6
119.5942459383017,93.1027678058992,Gene 5,Type 6
713.244787222995,897.2157579533267,Gene 6,Type 6
760.7850486168975,900.4180571633304,Gene 6,Type 6
561.2771975694963,633.1014572732679,Gene 5,Type 6
770.967179954561,339.0297910487007,Gene 6,Type 6
493.7955963643908,349.2095746126609,Gene 6,Type 6
522.7328293819941,725.9556788702394,Gene 6,Type 6
427.5410183585497,897.110259952577,Gene 5,Type 6
25.419126744095188,887.0864242651173,Gene 6,Type 6
107.89142699330444,779.8755458576238,Gene 5,Type 6
